customer_id,period,impressions,clicks,conversions,cost_per_click,cost_per_conversion,click_through_rate,conversion_rate,return_on_ad_spend,reach,engagement_rate,ad_spend,revenue_generated
medcare_plus_1,Q3 2023,290918,9212,465,2.1664870918460544,42.91973997867925,0.031666340178058604,0.050582464277926203,9.065862864084101,217396,0.044384843477148314,19957.679090085854,180933.58171611713
medcare_plus_1,Q4 2023,354406,12654,1120,2.2403581792997738,25.312046786481552,0.035705512298228104,0.08858852761776569,2.0136625334211806,275757,0.07559108441356,28349.492400859337,57086.310689118916
medcare_plus_1,Q1 2024,328270,9350,745,2.826020981074426,35.467511641672324,0.028483753067642188,0.07977504105450768,11.348771571135527,273243,0.04920028469925977,26423.29617304588,299871.9524243573
medcare_plus_1,Q2 2024,243632,6734,353,2.8314358579170014,54.013850048762286,0.027641818655126132,0.05245456040970835,1.433538010982915,185823,0.023008540235837215,19066.889067213087,27333.110229044538
medcare_plus_1,Q3 2024,337220,12270,891,2.1288311766991344,29.316227315486397,0.03638776072655868,0.07269067305750358,9.500636649106198,293471,0.02411127996222754,26120.75853809838,248163.83586951112
medcare_plus_1,Q4 2024,386898,13800,927,3.044495947462679,45.322593392648294,0.03567022381655833,0.06723818224048894,6.759408754660461,315625,0.022384499737343865,42014.044074984966,283990.09733914386
medcare_plus_1,Q1 2025,336341,11140,826,2.397398658375266,32.3329552715502,0.033121972022410136,0.07415069177732292,5.1756655590613905,280489,0.038851031767734565,26707.02105430046,138226.60905587033
medcare_plus_1,Q2 2025,290620,7718,598,2.543180616790987,32.82319063610843,0.026559646114962036,0.07758760190478431,14.25998631444975,257822,0.020558927413054782,19628.26800039284,279898.83306195383
